"object_name";"r_start_date";"r_act_seqno";"r_object_id";"r_workflow_id";"r_runtime_state";"r_act_def_id";"workflow_name";"r_creation_date";"supervisor_name";"r_exec_time_out";"r_exec_os_error";"r_exec_launch"
"Create Contract Folder";08-10-2024 09:53:17;1;"4a001b5a8010ad62";"4d001b5a8007d505";5;"4c001b5a8008fb98";"Aprobare Contract 2024-10-08";08-10-2024 09:53:19;"usadmin";0;"java.lang.RuntimeException: Could not invoke the method 'createPath' from interface 'class com.planet.bt.modules.GenericOperations' from BOF module 'cf_bt_module'";0
"Create Contract Folder";04-10-2024 15:05:45;1;"4a001b5a8010ad1c";"4d001b5a8007d502";5;"4c001b5a8008fb98";"Aprobare Contract 2024-10-04";04-10-2024 15:05:47;"usadmin";0;"java.lang.RuntimeException: Could not invoke the method 'createPath' from interface 'class com.planet.bt.modules.GenericOperations' from BOF module 'cf_bt_module'";0
"Create Contract Folder";03-10-2024 16:18:27;1;"4a001b5a8010a9c2";"4d001b5a8007cd04";5;"4c001b5a8008fb98";"Aprobare Contract 2024-10-03";03-10-2024 16:18:28;"usadmin";0;"java.lang.RuntimeException: Could not invoke the method 'createPath' from interface 'class com.planet.bt.modules.GenericOperations' from BOF module 'cf_bt_module'";0
"Create Contract Folder";03-10-2024 00:48:00;1;"4a001b5a8010a1a9";"4d001b5a8007ca0e";5;"4c001b5a8008fb98";"Aprobare Contract 2024-10-03";03-10-2024 00:48:01;"usadmin";0;"java.lang.RuntimeException: Could not invoke the method 'createPath' from interface 'class com.planet.bt.modules.GenericOperations' from BOF module 'cf_bt_module'";0
"Create Contract Folder";03-10-2024 00:47:59;1;"4a001b5a8010a1aa";"4d001b5a8007c9d1";5;"4c001b5a8008fb98";"Aprobare Contract 2024-10-03";03-10-2024 00:48:01;"usadmin";0;"java.lang.RuntimeException: Could not invoke the method 'createPath' from interface 'class com.planet.bt.modules.GenericOperations' from BOF module 'cf_bt_module'";0
"Create Contract Folder";02-10-2024 01:39:17;1;"4a001b5a8010a0e3";"4d001b5a8007c9cb";5;"4c001b5a8008fb98";"Aprobare Contract 2024-10-02";02-10-2024 01:39:19;"usadmin";0;"java.lang.RuntimeException: Could not invoke the method 'createPath' from interface 'class com.planet.bt.modules.GenericOperations' from BOF module 'cf_bt_module'";0
"Create Contract Folder";02-10-2024 01:39:17;1;"4a001b5a8010a0e2";"4d001b5a8007c9ca";5;"4c001b5a8008fb98";"Aprobare Contract 2024-10-02";02-10-2024 01:39:18;"usadmin";0;"java.lang.RuntimeException: Could not invoke the method 'createPath' from interface 'class com.planet.bt.modules.GenericOperations' from BOF module 'cf_bt_module'";0
"Create Contract Folder";20-9-2024 18:04:43;1;"4a001b5a80109b4d";"4d001b5a8007c715";5;"4c001b5a8008fb98";"Aprobare Contract 2024-09-20";20-9-2024 18:04:44;"usadmin";0;"java.lang.RuntimeException: Could not invoke the method 'createPath' from interface 'class com.planet.bt.modules.GenericOperations' from BOF module 'cf_bt_module'";0
"Create Contract Folder";16-9-2024 22:21:24;1;"4a001b5a801098ba";"4d001b5a8007c64e";5;"4c001b5a8008fb98";"Aprobare Contract 2024-09-16";16-9-2024 22:21:26;"usadmin";0;"java.lang.RuntimeException: Could not invoke the method 'createPath' from interface 'class com.planet.bt.modules.GenericOperations' from BOF module 'cf_bt_module'";0
"Create Contract Folder";16-9-2024 22:21:24;1;"4a001b5a801098b9";"4d001b5a8007c64d";5;"4c001b5a8008fb98";"Aprobare Contract 2024-09-16";16-9-2024 22:21:26;"usadmin";0;"java.lang.RuntimeException: Could not invoke the method 'createPath' from interface 'class com.planet.bt.modules.GenericOperations' from BOF module 'cf_bt_module'";0
"Create Contract Folder";16-9-2024 22:21:23;1;"4a001b5a801098b8";"4d001b5a8007c64c";5;"4c001b5a8008fb98";"Aprobare Contract 2024-09-16";16-9-2024 22:21:25;"usadmin";0;"java.lang.RuntimeException: Could not invoke the method 'createPath' from interface 'class com.planet.bt.modules.GenericOperations' from BOF module 'cf_bt_module'";0
"Create Contract Folder";16-9-2024 16:38:23;1;"4a001b5a801098b4";"4d001b5a8007c64b";5;"4c001b5a8008fb98";"Aprobare Contract 2024-09-16";16-9-2024 16:38:25;"usadmin";0;"java.lang.RuntimeException: Could not invoke the method 'createPath' from interface 'class com.planet.bt.modules.GenericOperations' from BOF module 'cf_bt_module'";0
"Create Contract Folder";13-9-2024 10:44:45;1;"4a001b5a80109713";"4d001b5a8007c64a";5;"4c001b5a8008fb98";"Aprobare Contract 2024-09-13";13-9-2024 10:44:47;"usadmin";0;"java.lang.RuntimeException: Could not invoke the method 'createPath' from interface 'class com.planet.bt.modules.GenericOperations' from BOF module 'cf_bt_module'";0
"Create Contract Folder";12-9-2024 15:33:33;1;"4a001b5a8010959b";"4d001b5a8007c5c7";5;"4c001b5a8008fb98";"Aprobare Contract 2024-09-12";12-9-2024 15:33:34;"usadmin";0;"java.lang.RuntimeException: Could not invoke the method 'createPath' from interface 'class com.planet.bt.modules.GenericOperations' from BOF module 'cf_bt_module'";0
"Trimitere Email Eroare";04-9-2024 12:57:42;2;"4a001b5a80108f31";"4d001b5a8007c551";5;"4c001b5a80045744";"Send Doc Not Found Notification 15223951";04-9-2024 12:58:12;"usadmin";0;"Could not send the email message.";0
"Create Contract Folder";30-8-2024 11:27:34;1;"4a001b5a80108a8a";"4d001b5a8007c13f";5;"4c001b5a8008fb98";"Aprobare Contract 2024-08-30";30-8-2024 11:27:34;"usadmin";0;"java.lang.RuntimeException: Could not invoke the method 'createPath' from interface 'class com.planet.bt.modules.GenericOperations' from BOF module 'cf_bt_module'";0
"Create Contract Folder";30-8-2024 10:17:44;1;"4a001b5a80108a88";"4d001b5a8007c13e";5;"4c001b5a8008fb98";"Aprobare Contract 2024-08-30";30-8-2024 10:17:45;"usadmin";0;"java.lang.RuntimeException: Could not invoke the method 'createPath' from interface 'class com.planet.bt.modules.GenericOperations' from BOF module 'cf_bt_module'";0
"Create Contract Folder";30-8-2024 10:06:49;1;"4a001b5a80108a86";"4d001b5a8007c13d";5;"4c001b5a8008fb98";"Aprobare Contract 2024-08-30";30-8-2024 10:06:51;"usadmin";0;"java.lang.RuntimeException: Could not invoke the method 'createPath' from interface 'class com.planet.bt.modules.GenericOperations' from BOF module 'cf_bt_module'";0
"Create Contract Folder";29-8-2024 17:30:09;1;"4a001b5a80108a84";"4d001b5a8007c13c";5;"4c001b5a8008fb98";"Aprobare Contract 2024-08-29";29-8-2024 17:30:10;"usadmin";0;"java.lang.RuntimeException: Could not invoke the method 'createPath' from interface 'class com.planet.bt.modules.GenericOperations' from BOF module 'cf_bt_module'";0
"Create Contract Folder";29-8-2024 17:30:08;1;"4a001b5a80108a83";"4d001b5a8007be21";5;"4c001b5a8008fb98";"Aprobare Contract 2024-08-29";29-8-2024 17:30:10;"usadmin";0;"java.lang.RuntimeException: Could not invoke the method 'createPath' from interface 'class com.planet.bt.modules.GenericOperations' from BOF module 'cf_bt_module'";0
"Create Contract Folder";29-8-2024 17:09:22;1;"4a001b5a80108a80";"4d001b5a8007be20";5;"4c001b5a8008fb98";"Aprobare Contract 2024-08-29";29-8-2024 17:09:23;"usadmin";0;"java.lang.RuntimeException: Could not invoke the method 'createPath' from interface 'class com.planet.bt.modules.GenericOperations' from BOF module 'cf_bt_module'";0
"Create Contract Folder";29-8-2024 10:43:29;1;"4a001b5a80108a64";"4d001b5a8007be1e";5;"4c001b5a8008fb98";"Aprobare Contract 2024-08-29";29-8-2024 10:43:31;"usadmin";0;"java.lang.RuntimeException: Could not invoke the method 'createPath' from interface 'class com.planet.bt.modules.GenericOperations' from BOF module 'cf_bt_module'";0
"Create Contract Folder";27-8-2024 10:22:55;1;"4a001b5a80108921";"4d001b5a8007be1d";5;"4c001b5a8008fb98";"Aprobare Contract 2024-08-27";27-8-2024 10:22:59;"usadmin";0;"java.lang.RuntimeException: Could not invoke the method 'createPath' from interface 'class com.planet.bt.modules.GenericOperations' from BOF module 'cf_bt_module'";0
"Create Contract Folder";27-8-2024 09:49:19;1;"4a001b5a8010891f";"4d001b5a8007be1c";5;"4c001b5a8008fb98";"Aprobare Contract 2024-08-27";27-8-2024 09:49:20;"usadmin";0;"java.lang.RuntimeException: Could not invoke the method 'createPath' from interface 'class com.planet.bt.modules.GenericOperations' from BOF module 'cf_bt_module'";0
"Create Contract Folder";27-8-2024 09:49:18;1;"4a001b5a8010891e";"4d001b5a8007be1b";5;"4c001b5a8008fb98";"Aprobare Contract 2024-08-27";27-8-2024 09:49:20;"usadmin";0;"java.lang.RuntimeException: Could not invoke the method 'createPath' from interface 'class com.planet.bt.modules.GenericOperations' from BOF module 'cf_bt_module'";0
"Create Contract Folder";26-8-2024 14:11:19;1;"4a001b5a8010891b";"4d001b5a8007be1a";5;"4c001b5a8008fb98";"Aprobare Contract 2024-08-26";26-8-2024 14:11:20;"usadmin";0;"java.lang.RuntimeException: Could not invoke the method 'createPath' from interface 'class com.planet.bt.modules.GenericOperations' from BOF module 'cf_bt_module'";0
"Create Contract Folder";21-8-2024 14:14:06;1;"4a001b5a8010849d";"4d001b5a8007bd92";5;"4c001b5a8008fb98";"Aprobare Contract 2024-08-21";21-8-2024 14:14:07;"usadmin";0;"java.lang.RuntimeException: Could not invoke the method 'createPath' from interface 'class com.planet.bt.modules.GenericOperations' from BOF module 'cf_bt_module'";0
"Create Contract Folder";26-7-2024 12:05:23;1;"4a001b5a801069a2";"4d001b5a8007ad0a";5;"4c001b5a8008fb98";"Aprobare Contract 2024-07-26";26-7-2024 12:05:23;"usadmin";0;"java.lang.RuntimeException: Could not invoke the method 'createPath' from interface 'class com.planet.bt.modules.GenericOperations' from BOF module 'cf_bt_module'";0
"Create Contract Folder";26-7-2024 03:29:09;1;"4a001b5a801066de";"4d001b5a8007a91d";5;"4c001b5a8008fb98";"Aprobare Contract 2024-07-26";26-7-2024 03:29:11;"usadmin";0;"java.lang.RuntimeException: Could not invoke the method 'createPath' from interface 'class com.planet.bt.modules.GenericOperations' from BOF module 'cf_bt_module'";0
"Create Contract Folder";24-7-2024 12:28:45;1;"4a001b5a80106576";"4d001b5a8007a91b";5;"4c001b5a8008fb98";"Aprobare Contract 2024-07-24";24-7-2024 12:28:47;"usadmin";0;"java.lang.RuntimeException: Could not invoke the method 'createPath' from interface 'class com.planet.bt.modules.GenericOperations' from BOF module 'cf_bt_module'";0
"Create Contract Folder";22-7-2024 02:45:48;1;"4a001b5a80106507";"4d001b5a8007a902";5;"4c001b5a8008fb98";"Aprobare Contract 2024-07-22";22-7-2024 02:45:51;"usadmin";0;"java.lang.RuntimeException: Could not invoke the method 'createPath' from interface 'class com.planet.bt.modules.GenericOperations' from BOF module 'cf_bt_module'";0
"Create Contract Folder";22-7-2024 02:45:48;1;"4a001b5a80106506";"4d001b5a8007a903";5;"4c001b5a8008fb98";"Aprobare Contract 2024-07-22";22-7-2024 02:45:51;"usadmin";0;"java.lang.RuntimeException: Could not invoke the method 'createPath' from interface 'class com.planet.bt.modules.GenericOperations' from BOF module 'cf_bt_module'";0
"Create Contract Folder";21-7-2024 02:39:52;1;"4a001b5a80106502";"4d001b5a8007a901";5;"4c001b5a8008fb98";"Aprobare Contract 2024-07-21";21-7-2024 02:40:42;"usadmin";0;"java.lang.RuntimeException: Could not invoke the method 'createPath' from interface 'class com.planet.bt.modules.GenericOperations' from BOF module 'cf_bt_module'";0
"Create Contract Folder";21-7-2024 02:39:52;1;"4a001b5a80106503";"4d001b5a8007a900";5;"4c001b5a8008fb98";"Aprobare Contract 2024-07-21";21-7-2024 02:40:42;"usadmin";0;"java.lang.RuntimeException: Could not invoke the method 'createPath' from interface 'class com.planet.bt.modules.GenericOperations' from BOF module 'cf_bt_module'";0
"Create Contract Folder";20-7-2024 02:47:57;1;"4a001b5a8010610d";"4d001b5a8007a1bd";5;"4c001b5a8008fb98";"Aprobare Contract 2024-07-20";20-7-2024 02:47:58;"usadmin";0;"java.lang.RuntimeException: Could not invoke the method 'createPath' from interface 'class com.planet.bt.modules.GenericOperations' from BOF module 'cf_bt_module'";0
"Create Contract Folder";20-7-2024 02:47:56;1;"4a001b5a8010610c";"4d001b5a8007a1bc";5;"4c001b5a8008fb98";"Aprobare Contract 2024-07-20";20-7-2024 02:47:58;"usadmin";0;"java.lang.RuntimeException: Could not invoke the method 'createPath' from interface 'class com.planet.bt.modules.GenericOperations' from BOF module 'cf_bt_module'";0
"Create Contract Folder";18-7-2024 16:36:17;1;"4a001b5a80106109";"4d001b5a8007a1bb";5;"4c001b5a8008fb98";"Aprobare Contract 2024-07-18";18-7-2024 16:36:19;"usadmin";0;"java.lang.RuntimeException: Could not invoke the method 'createPath' from interface 'class com.planet.bt.modules.GenericOperations' from BOF module 'cf_bt_module'";0
"Create Contract Folder";17-7-2024 03:24:43;1;"4a001b5a80105e29";"4d001b5a8007a1ba";5;"4c001b5a8008fb98";"Aprobare Contract 2024-07-17";17-7-2024 03:24:45;"usadmin";0;"java.lang.RuntimeException: Could not invoke the method 'createPath' from interface 'class com.planet.bt.modules.GenericOperations' from BOF module 'cf_bt_module'";0
"Create Contract Folder";17-7-2024 02:42:31;1;"4a001b5a80105e26";"4d001b5a8007a1b8";5;"4c001b5a8008fb98";"Aprobare Contract 2024-07-17";17-7-2024 02:42:33;"usadmin";0;"java.lang.RuntimeException: Could not invoke the method 'createPath' from interface 'class com.planet.bt.modules.GenericOperations' from BOF module 'cf_bt_module'";0
"Create Contract Folder";17-7-2024 02:42:31;1;"4a001b5a80105e27";"4d001b5a8007a1b9";5;"4c001b5a8008fb98";"Aprobare Contract 2024-07-17";17-7-2024 02:42:33;"usadmin";0;"java.lang.RuntimeException: Could not invoke the method 'createPath' from interface 'class com.planet.bt.modules.GenericOperations' from BOF module 'cf_bt_module'";0
"Create Contract Folder";16-7-2024 15:12:27;1;"4a001b5a80105e09";"4d001b5a8007a1b6";5;"4c001b5a8008fb98";"Aprobare Contract 2024-07-16";16-7-2024 15:12:29;"usadmin";0;"java.lang.RuntimeException: Could not invoke the method 'createPath' from interface 'class com.planet.bt.modules.GenericOperations' from BOF module 'cf_bt_module'";0
"Create Contract Folder";16-7-2024 15:12:27;1;"4a001b5a80105e08";"4d001b5a8007a1b5";5;"4c001b5a8008fb98";"Aprobare Contract 2024-07-16";16-7-2024 15:12:28;"usadmin";0;"java.lang.RuntimeException: Could not invoke the method 'createPath' from interface 'class com.planet.bt.modules.GenericOperations' from BOF module 'cf_bt_module'";0
"Fast Update CC Info";12-7-2024 17:11:21;5;"4a001b5a80105cd9";"4d001b5a8007a195";5;"4c001b5a8015ce13";"Pregatire CU Fast_15014984";12-7-2024 17:11:23;"usadmin";0;"java.lang.RuntimeException: Could not invoke the method 'updateInfoGarantiiFast' from interface 'class com.planet.bt.modules.fast.FastOperations' from BOF module 'bt_fastops'";0
"Get Los Information";12-7-2024 10:55:48;0;"4a001b5a80105c2b";"4d001b5a8007a152";5;"4c001b5a8088ef6e";"APIA Automation - d5d2da3a-5818-49d7-abc1-62c118caad54";12-7-2024 10:55:48;"usadmin";0;"DfException:: THREAD: default task-880; MSG: Could not invoke child process <urn:im:com.emc.ide.artifact.process:Artifacts/Processes/apia_get_los_info.process>; ERRORCODE: ff; NEXT: null";0
"Create Contract Folder";12-7-2024 03:27:49;1;"4a001b5a80105c2a";"4d001b5a8007a113";5;"4c001b5a8008fb98";"Aprobare Contract 2024-07-12";12-7-2024 03:27:50;"usadmin";0;"java.lang.RuntimeException: Could not invoke the method 'createPath' from interface 'class com.planet.bt.modules.GenericOperations' from BOF module 'cf_bt_module'";0
"Create Contract Folder";12-7-2024 02:45:39;1;"4a001b5a80105c28";"4d001b5a8007a112";5;"4c001b5a8008fb98";"Aprobare Contract 2024-07-12";12-7-2024 02:45:41;"usadmin";0;"java.lang.RuntimeException: Could not invoke the method 'createPath' from interface 'class com.planet.bt.modules.GenericOperations' from BOF module 'cf_bt_module'";0
"Create Contract Folder";11-7-2024 17:26:48;1;"4a001b5a80105c13";"4d001b5a8007a111";5;"4c001b5a8008fb98";"Aprobare Contract 2024-07-11";11-7-2024 17:26:49;"usadmin";0;"java.lang.RuntimeException: Could not invoke the method 'createPath' from interface 'class com.planet.bt.modules.GenericOperations' from BOF module 'cf_bt_module'";0
"Get Los Information";11-7-2024 15:59:21;0;"4a001b5a80105ba6";"4d001b5a8007a151";5;"4c001b5a8088ef6e";"APIA Automation - 6be31a7b-95d1-403c-a4a0-3eaed323a973";11-7-2024 15:59:21;"usadmin";0;"DfException:: THREAD: default task-475; MSG: Could not invoke child process <urn:im:com.emc.ide.artifact.process:Artifacts/Processes/apia_get_los_info.process>; ERRORCODE: ff; NEXT: null";0
"Get Los Information";11-7-2024 12:28:48;0;"4a001b5a80105a8b";"4d001b5a8007a150";5;"4c001b5a8088ef6e";"APIA Automation - 2414a314-3303-438c-87ce-036ffbc06609";11-7-2024 12:29:13;"usadmin";0;"DfException:: THREAD: default task-419; MSG: Could not invoke child process <urn:im:com.emc.ide.artifact.process:Artifacts/Processes/apia_get_los_info.process>; ERRORCODE: ff; NEXT: null";0
"Create Contract Folder";11-7-2024 02:44:20;1;"4a001b5a80105a03";"4d001b5a8007a10c";5;"4c001b5a8008fb98";"Aprobare Contract 2024-07-11";11-7-2024 02:44:34;"usadmin";0;"java.lang.RuntimeException: Could not invoke the method 'createPath' from interface 'class com.planet.bt.modules.GenericOperations' from BOF module 'cf_bt_module'";0
"Create Contract Folder";11-7-2024 02:44:20;1;"4a001b5a80105a04";"4d001b5a8007a10d";5;"4c001b5a8008fb98";"Aprobare Contract 2024-07-11";11-7-2024 02:44:34;"usadmin";0;"java.lang.RuntimeException: Could not invoke the method 'createPath' from interface 'class com.planet.bt.modules.GenericOperations' from BOF module 'cf_bt_module'";0
"Create Contract Folder";10-7-2024 02:48:28;1;"4a001b5a80105605";"4d001b5a80079d1b";5;"4c001b5a8008fb98";"Aprobare Contract 2024-07-10";10-7-2024 02:48:29;"usadmin";0;"java.lang.RuntimeException: Could not invoke the method 'createPath' from interface 'class com.planet.bt.modules.GenericOperations' from BOF module 'cf_bt_module'";0
"Create Contract Folder";10-7-2024 02:48:27;1;"4a001b5a80105604";"4d001b5a80079d1a";5;"4c001b5a8008fb98";"Aprobare Contract 2024-07-10";10-7-2024 02:48:29;"usadmin";0;"java.lang.RuntimeException: Could not invoke the method 'createPath' from interface 'class com.planet.bt.modules.GenericOperations' from BOF module 'cf_bt_module'";0
"Create Contract Folder";09-7-2024 17:29:25;1;"4a001b5a80105601";"4d001b5a80079d19";5;"4c001b5a8008fb98";"Aprobare Contract 2024-07-09";09-7-2024 17:29:27;"usadmin";0;"java.lang.RuntimeException: Could not invoke the method 'createPath' from interface 'class com.planet.bt.modules.GenericOperations' from BOF module 'cf_bt_module'";0
"Create Contract Folder";09-7-2024 13:14:19;1;"4a001b5a8010557e";"4d001b5a80079d17";5;"4c001b5a8008fb98";"Aprobare Contract 2024-07-09";09-7-2024 13:14:20;"usadmin";0;"java.lang.RuntimeException: Could not invoke the method 'createPath' from interface 'class com.planet.bt.modules.GenericOperations' from BOF module 'cf_bt_module'";0
"Create Contract Folder";09-7-2024 13:14:18;1;"4a001b5a8010557d";"4d001b5a80079d16";5;"4c001b5a8008fb98";"Aprobare Contract 2024-07-09";09-7-2024 13:14:20;"usadmin";0;"java.lang.RuntimeException: Could not invoke the method 'createPath' from interface 'class com.planet.bt.modules.GenericOperations' from BOF module 'cf_bt_module'";0
"Create Contract Folder";08-7-2024 02:50:49;1;"4a001b5a80105377";"4d001b5a80079bd1";5;"4c001b5a8008fb98";"Aprobare Contract 2024-07-08";08-7-2024 02:50:50;"usadmin";0;"java.lang.RuntimeException: Could not invoke the method 'createPath' from interface 'class com.planet.bt.modules.GenericOperations' from BOF module 'cf_bt_module'";0
"Create Contract Folder";08-7-2024 02:50:49;1;"4a001b5a80105378";"4d001b5a80079bd2";5;"4c001b5a8008fb98";"Aprobare Contract 2024-07-08";08-7-2024 02:50:50;"usadmin";0;"java.lang.RuntimeException: Could not invoke the method 'createPath' from interface 'class com.planet.bt.modules.GenericOperations' from BOF module 'cf_bt_module'";0
"Create Contract Folder";07-7-2024 02:44:54;1;"4a001b5a80105373";"4d001b5a80079bd0";5;"4c001b5a8008fb98";"Aprobare Contract 2024-07-07";07-7-2024 02:44:56;"usadmin";0;"java.lang.RuntimeException: Could not invoke the method 'createPath' from interface 'class com.planet.bt.modules.GenericOperations' from BOF module 'cf_bt_module'";0
"Create Contract Folder";07-7-2024 02:44:53;1;"4a001b5a80105374";"4d001b5a80079bb1";5;"4c001b5a8008fb98";"Aprobare Contract 2024-07-07";07-7-2024 02:44:56;"usadmin";0;"java.lang.RuntimeException: Could not invoke the method 'createPath' from interface 'class com.planet.bt.modules.GenericOperations' from BOF module 'cf_bt_module'";0
"Create Contract Folder";06-7-2024 03:45:43;1;"4a001b5a8010536f";"4d001b5a80079baf";5;"4c001b5a8008fb98";"Aprobare Contract 2024-07-06";06-7-2024 03:45:44;"usadmin";0;"java.lang.RuntimeException: Could not invoke the method 'createPath' from interface 'class com.planet.bt.modules.GenericOperations' from BOF module 'cf_bt_module'";0
"Create Contract Folder";06-7-2024 03:45:43;1;"4a001b5a80105370";"4d001b5a80079bb0";5;"4c001b5a8008fb98";"Aprobare Contract 2024-07-06";06-7-2024 03:45:45;"usadmin";0;"java.lang.RuntimeException: Could not invoke the method 'createPath' from interface 'class com.planet.bt.modules.GenericOperations' from BOF module 'cf_bt_module'";0
"Create Contract Folder";05-7-2024 12:53:49;1;"4a001b5a80105222";"4d001b5a80079baa";5;"4c001b5a8008fb98";"Aprobare Contract 2024-07-05";05-7-2024 12:53:51;"usadmin";0;"java.lang.RuntimeException: Could not invoke the method 'createPath' from interface 'class com.planet.bt.modules.GenericOperations' from BOF module 'cf_bt_module'";0
"Create Contract Folder";05-7-2024 11:59:37;1;"4a001b5a801050df";"4d001b5a80079ba0";5;"4c001b5a8008fb98";"Aprobare Contract 2024-07-05";05-7-2024 11:59:41;"usadmin";0;"java.lang.RuntimeException: Could not invoke the method 'createPath' from interface 'class com.planet.bt.modules.GenericOperations' from BOF module 'cf_bt_module'";0
"Create Contract Folder";04-7-2024 15:04:45;1;"4a001b5a80104f95";"4d001b5a80079b67";5;"4c001b5a8008fb98";"Aprobare Contract 2024-07-04";04-7-2024 15:04:46;"usadmin";0;"java.lang.RuntimeException: Could not invoke the method 'createPath' from interface 'class com.planet.bt.modules.GenericOperations' from BOF module 'cf_bt_module'";0
"Docx to PDF";04-7-2024 12:40:18;25;"4a001b5a8010557f";"4d001b5a80079b48";5;"4c001b5a803fc74d";"Aprobare Contract 2024-07-04";09-7-2024 14:18:42;"usadmin";1;"";0
"Create Contract Folder";04-7-2024 02:36:50;1;"4a001b5a80104dd0";"4d001b5a80079b47";5;"4c001b5a8008fb98";"Aprobare Contract 2024-07-04";04-7-2024 02:36:51;"usadmin";0;"java.lang.RuntimeException: Could not invoke the method 'createPath' from interface 'class com.planet.bt.modules.GenericOperations' from BOF module 'cf_bt_module'";0
"Create Contract Folder";04-7-2024 02:36:49;1;"4a001b5a80104dcf";"4d001b5a80079b46";5;"4c001b5a8008fb98";"Aprobare Contract 2024-07-04";04-7-2024 02:36:51;"usadmin";0;"java.lang.RuntimeException: Could not invoke the method 'createPath' from interface 'class com.planet.bt.modules.GenericOperations' from BOF module 'cf_bt_module'";0
"Create Contract Folder";03-7-2024 09:54:41;1;"4a001b5a80104a8a";"4d001b5a80079ab3";5;"4c001b5a8008fb98";"Aprobare Contract 2024-07-03";03-7-2024 09:54:42;"usadmin";0;"java.lang.RuntimeException: Could not invoke the method 'createPath' from interface 'class com.planet.bt.modules.GenericOperations' from BOF module 'cf_bt_module'";0
"Create Contract Folder";03-7-2024 02:44:03;1;"4a001b5a801049f9";"4d001b5a80079ab2";5;"4c001b5a8008fb98";"Aprobare Contract 2024-07-03";03-7-2024 02:44:04;"usadmin";0;"java.lang.RuntimeException: Could not invoke the method 'createPath' from interface 'class com.planet.bt.modules.GenericOperations' from BOF module 'cf_bt_module'";0
"Create Contract Folder";03-7-2024 02:44:02;1;"4a001b5a801049f8";"4d001b5a80079ab1";5;"4c001b5a8008fb98";"Aprobare Contract 2024-07-03";03-7-2024 02:44:04;"usadmin";0;"java.lang.RuntimeException: Could not invoke the method 'createPath' from interface 'class com.planet.bt.modules.GenericOperations' from BOF module 'cf_bt_module'";0
"Create Contract Folder";02-7-2024 16:20:59;1;"4a001b5a80104988";"4d001b5a80079aaf";5;"4c001b5a8008fb98";"Aprobare Contract 2024-07-02";02-7-2024 16:21:00;"usadmin";0;"java.lang.RuntimeException: Could not invoke the method 'createPath' from interface 'class com.planet.bt.modules.GenericOperations' from BOF module 'cf_bt_module'";0
"Create Contract Folder";02-7-2024 10:42:02;1;"4a001b5a801046ab";"4d001b5a80079a15";5;"4c001b5a8008fb98";"Aprobare Contract 2024-07-02";02-7-2024 10:42:03;"usadmin";0;"java.lang.RuntimeException: Could not invoke the method 'createPath' from interface 'class com.planet.bt.modules.GenericOperations' from BOF module 'cf_bt_module'";0
"Create Contract Folder";01-7-2024 12:08:59;1;"4a001b5a80104589";"4d001b5a80079a0f";5;"4c001b5a8008fb98";"Aprobare Contract 2024-07-01";01-7-2024 12:09:00;"usadmin";0;"java.lang.RuntimeException: Could not invoke the method 'createPath' from interface 'class com.planet.bt.modules.GenericOperations' from BOF module 'cf_bt_module'";0
"Create Contract Folder";25-6-2024 00:58:36;1;"4a001b5a8010393e";"4d001b5a80079901";5;"4c001b5a8008fb98";"Aprobare Contract 2024-06-25";25-6-2024 00:58:37;"usadmin";0;"java.lang.RuntimeException: Could not invoke the method 'createPath' from interface 'class com.planet.bt.modules.GenericOperations' from BOF module 'cf_bt_module'";0
"Create Contract Folder";25-6-2024 00:58:36;1;"4a001b5a8010393f";"4d001b5a80079902";5;"4c001b5a8008fb98";"Aprobare Contract 2024-06-25";25-6-2024 00:58:38;"usadmin";0;"java.lang.RuntimeException: Could not invoke the method 'createPath' from interface 'class com.planet.bt.modules.GenericOperations' from BOF module 'cf_bt_module'";0
"Create Contract Folder";24-6-2024 20:32:36;1;"4a001b5a8010393b";"4d001b5a80079900";5;"4c001b5a8008fb98";"Aprobare Contract 2024-06-24";24-6-2024 20:32:37;"usadmin";0;"java.lang.RuntimeException: Could not invoke the method 'createPath' from interface 'class com.planet.bt.modules.GenericOperations' from BOF module 'cf_bt_module'";0
"Create Contract Folder";24-6-2024 20:32:35;1;"4a001b5a8010393a";"4d001b5a8007954f";5;"4c001b5a8008fb98";"Aprobare Contract 2024-06-24";24-6-2024 20:32:37;"usadmin";0;"java.lang.RuntimeException: Could not invoke the method 'createPath' from interface 'class com.planet.bt.modules.GenericOperations' from BOF module 'cf_bt_module'";0
"Create Contract Folder";21-6-2024 12:07:17;1;"4a001b5a801038d3";"4d001b5a8007954c";5;"4c001b5a8008fb98";"Aprobare Contract 2024-06-21";21-6-2024 12:07:19;"usadmin";0;"java.lang.RuntimeException: Could not invoke the method 'createPath' from interface 'class com.planet.bt.modules.GenericOperations' from BOF module 'cf_bt_module'";0
"Create Contract Folder";20-6-2024 15:16:30;1;"4a001b5a8010382e";"4d001b5a80079547";5;"4c001b5a8008fb98";"Aprobare Contract 2024-06-20";20-6-2024 15:16:30;"usadmin";0;"java.lang.RuntimeException: Could not invoke the method 'createPath' from interface 'class com.planet.bt.modules.GenericOperations' from BOF module 'cf_bt_module'";0
"Create Contract Folder";19-6-2024 19:40:01;1;"4a001b5a801036ca";"4d001b5a80079531";5;"4c001b5a8008fb98";"Aprobare Contract 2024-06-19";19-6-2024 19:40:08;"usadmin";0;"java.lang.RuntimeException: Could not invoke the method 'createPath' from interface 'class com.planet.bt.modules.GenericOperations' from BOF module 'cf_bt_module'";0
"Create Contract Folder";19-6-2024 12:09:47;1;"4a001b5a80103590";"4d001b5a80079506";5;"4c001b5a8008fb98";"Aprobare Contract 2024-06-19";19-6-2024 12:09:49;"usadmin";0;"java.lang.RuntimeException: Could not invoke the method 'createPath' from interface 'class com.planet.bt.modules.GenericOperations' from BOF module 'im_fastoperations'";0
"Create Contract Folder";18-6-2024 09:55:29;1;"4a001b5a8010355c";"4d001b5a80079504";5;"4c001b5a8008fb98";"Aprobare Contract 2024-06-18";18-6-2024 09:55:30;"usadmin";0;"java.lang.RuntimeException: Could not invoke the method 'createPath' from interface 'class com.planet.bt.modules.GenericOperations' from BOF module 'cf_bt_module'";0
"Create Contract Folder";18-6-2024 01:10:56;1;"4a001b5a8010355a";"4d001b5a80079503";5;"4c001b5a8008fb98";"Aprobare Contract 2024-06-18";18-6-2024 01:10:57;"usadmin";0;"java.lang.RuntimeException: Could not invoke the method 'createPath' from interface 'class com.planet.bt.modules.GenericOperations' from BOF module 'cf_bt_module'";0
"Create Contract Folder";17-6-2024 14:43:22;1;"4a001b5a8010351b";"4d001b5a80079501";5;"4c001b5a8008fb98";"Aprobare Contract 2024-06-17";17-6-2024 14:43:23;"usadmin";0;"java.lang.RuntimeException: Could not invoke the method 'createPath' from interface 'class com.planet.bt.modules.GenericOperations' from BOF module 'cf_bt_module'";0
"Create Guarant";14-6-2024 14:33:44;9;"4a001b5a801031e4";"4d001b5a80079236";5;"4c001b5a808616c4";"APIA Automation - c3bad606-5780-4c51-bab3-66a568de4928";14-6-2024 14:38:35;"usadmin";0;"DfException:: THREAD: default task-513; MSG: Could not invoke child process <urn:im:com.emc.ide.artifact.process:Artifacts/Processes/apia_create_garant.process>; ERRORCODE: ff; NEXT: null";0
"Create Guarant";07-6-2024 11:06:22;9;"4a001b5a8010236c";"4d001b5a80078d83";5;"4c001b5a808616c4";"APIA Automation - 5baf4b2f-6401-4921-bea3-7866958ced00";07-6-2024 11:09:53;"usadmin";0;"DfException:: THREAD: default task-13; MSG: Could not invoke child process <urn:im:com.emc.ide.artifact.process:Artifacts/Processes/apia_create_garant.process>; ERRORCODE: ff; NEXT: null";0
"Move Guarantees";29-5-2024 17:41:17;5;"4a001b5a801015ec";"4d001b5a80078599";5;"4c001b5a808616c2";"APIA Automation - 8dfc44cc-ad67-42c2-ac24-ce90ab2a4607";29-5-2024 17:41:47;"usadmin";0;"com.documentum.bps.move.outbound.runtime.MoveException: Error occurred while moving object(s) to the destination folder:";0
"Create Guarant";29-5-2024 17:41:17;9;"4a001b5a801015f6";"4d001b5a80078598";5;"4c001b5a808616c4";"APIA Automation - 9d2d9ef2-fdf2-4e32-b93b-1ea32e16dcf0";29-5-2024 17:44:15;"usadmin";0;"DfException:: THREAD: default task-34; MSG: Could not invoke child process <urn:im:com.emc.ide.artifact.process:Artifacts/Processes/apia_create_garant.process>; ERRORCODE: ff; NEXT: null";0
"Create Guarant";29-5-2024 17:41:16;10;"4a001b5a801019f4";"4d001b5a80078596";5;"4c001b5a808616c4";"APIA Automation - 9d2d9ef2-fdf2-4e32-b93b-1ea32e16dcf0";03-6-2024 16:51:55;"usadmin";0;"DfException:: THREAD: default task-36; MSG: Could not invoke child process <urn:im:com.emc.ide.artifact.process:Artifacts/Processes/apia_create_garant.process>; ERRORCODE: ff; NEXT: null";0
"Create Guarant";29-5-2024 17:40:50;9;"4a001b5a801019f5";"4d001b5a80078597";5;"4c001b5a808616c4";"APIA Automation - 8dfc44cc-ad67-42c2-ac24-ce90ab2a4607";03-6-2024 16:51:56;"usadmin";0;"DfException:: THREAD: default task-5; MSG: Could not invoke child process <urn:im:com.emc.ide.artifact.process:Artifacts/Processes/apia_create_garant.process>; ERRORCODE: ff; NEXT: null";0
"Create Guarant";16-5-2024 14:07:31;9;"4a001b5a800ff9f8";"4d001b5a80077d29";5;"4c001b5a808616c4";"APIA Automation - ea33f6ed-1060-42fe-a2e5-cc2552d77127";16-5-2024 14:12:18;"usadmin";0;"DfException:: THREAD: default task-34; MSG: Could not invoke child process <urn:im:com.emc.ide.artifact.process:Artifacts/Processes/apia_create_garant.process>; ERRORCODE: ff; NEXT: null";0
"Create Guarant";16-5-2024 14:06:23;9;"4a001b5a800ff9f1";"4d001b5a80077d28";5;"4c001b5a808616c4";"APIA Automation - ea33f6ed-1060-42fe-a2e5-cc2552d77127";16-5-2024 14:09:55;"usadmin";0;"DfException:: THREAD: default task-34; MSG: Could not invoke child process <urn:im:com.emc.ide.artifact.process:Artifacts/Processes/apia_create_garant.process>; ERRORCODE: ff; NEXT: null";0
"Create Contract Folder";15-5-2024 16:46:09;1;"4a001b5a800ff635";"4d001b5a80077946";5;"4c001b5a8008fb98";"Aprobare Contract 2024-05-15";15-5-2024 16:46:27;"usadmin";0;"java.lang.RuntimeException: Could not invoke the method 'createPath' from interface 'class com.planet.bt.modules.GenericOperations' from BOF module 'bt_fastops'";0
"Fast Update CC Info";08-3-2024 13:48:00;5;"4a001b5a800f675b";"4d001b5a8007197c";5;"4c001b5a8015ce13";"Pregatire CU Fast_4136260";08-3-2024 13:48:02;"usadmin";0;"java.lang.RuntimeException: Could not invoke the method 'updateInfoGarantiiFast' from interface 'class com.planet.bt.modules.fast.FastOperations' from BOF module 'bt_fastops'";0
"Fast Update CC Info";08-3-2024 13:46:38;6;"4a001b5a800f6729";"4d001b5a8007197b";5;"4c001b5a8015ce13";"Pregatire CU Fast_4135797";08-3-2024 13:46:48;"usadmin";0;"java.lang.RuntimeException: Could not invoke the method 'updateInfoGarantiiFast' from interface 'class com.planet.bt.modules.fast.FastOperations' from BOF module 'bt_fastops'";0
"Get Los Information";26-2-2024 13:34:23;0;"4a001b5a800f557f";"4d001b5a8007111f";5;"4c001b5a8088ef6e";"APIA Automation - 6243c5d6-d555-4a0e-8302-e4523f01a2a6";26-2-2024 13:34:24;"usadmin";0;"DfException:: THREAD: default task-22; MSG: Could not invoke child process <urn:im:com.emc.ide.artifact.process:Artifacts/Processes/apia_get_los_info.process>; ERRORCODE: ff; NEXT: null";0
"Get Los Information";26-2-2024 13:33:17;0;"4a001b5a800f557d";"4d001b5a8007111e";5;"4c001b5a8088ef6e";"APIA Automation - 6243c5d6-d555-4a0e-8302-e4523f01a2a6";26-2-2024 13:33:43;"usadmin";0;"DfException:: THREAD: default task-23; MSG: Could not invoke child process <urn:im:com.emc.ide.artifact.process:Artifacts/Processes/apia_get_los_info.process>; ERRORCODE: ff; NEXT: null";0
"Get Los Information";16-2-2024 10:40:16;0;"4a001b5a800f4651";"4d001b5a80070902";5;"4c001b5a8088ef6e";"APIA Automation - b0a12960-913a-480c-afcf-2eee2c6ca571";16-2-2024 10:40:16;"usadmin";0;"DfException:: THREAD: default task-21; MSG: Could not invoke child process <urn:im:com.emc.ide.artifact.process:Artifacts/Processes/apia_get_los_info.process>; ERRORCODE: ff; NEXT: null";0
"Get Los Information";15-2-2024 08:24:50;0;"4a001b5a800f450e";"4d001b5a80070901";5;"4c001b5a8088ef6e";"APIA Automation - 34316b5e-92bd-49c9-973f-05d94eca4a1a";15-2-2024 08:24:51;"usadmin";0;"DfException:: THREAD: default task-7; MSG: Could not invoke child process <urn:im:com.emc.ide.artifact.process:Artifacts/Processes/apia_get_los_info.process>; ERRORCODE: ff; NEXT: null";0
"Get Los Information";13-2-2024 18:01:35;0;"4a001b5a800f4100";"4d001b5a80070900";5;"4c001b5a8088ef6e";"APIA Automation - fa84c6e2-57bd-4add-83e8-c7a1583250c5";13-2-2024 18:01:36;"usadmin";0;"DfException:: THREAD: default task-22; MSG: Could not invoke child process <urn:im:com.emc.ide.artifact.process:Artifacts/Processes/apia_get_los_info.process>; ERRORCODE: ff; NEXT: null";0
"Create Contract Folder";06-2-2024 07:47:42;1;"4a001b5a800f2517";"4d001b5a8006e919";5;"4c001b5a8008fb98";"Aprobare Contract 2024-02-06";07-2-2024 08:27:33;"usadmin";0;"java.lang.RuntimeException: Could not invoke the method 'createPath' from interface 'class com.planet.bt.modules.GenericOperations' from BOF module 'cf_bt_module'";0
"Create Contract Folder";06-2-2024 07:47:42;1;"4a001b5a800f29ac";"4d001b5a8006e918";5;"4c001b5a8008fb98";"Aprobare Contract 2024-02-06";08-2-2024 16:25:29;"usadmin";0;"java.lang.RuntimeException: Could not invoke the method 'createPath' from interface 'class com.planet.bt.modules.GenericOperations' from BOF module 'cf_bt_module'";0
"Create Contract Folder";06-2-2024 07:47:41;1;"4a001b5a800f29ad";"4d001b5a8006e916";5;"4c001b5a8008fb98";"Aprobare Contract 2024-02-06";08-2-2024 16:26:38;"usadmin";0;"java.lang.RuntimeException: Could not invoke the method 'createPath' from interface 'class com.planet.bt.modules.GenericOperations' from BOF module 'cf_bt_module'";0
"Create Contract Folder";06-2-2024 07:47:41;1;"4a001b5a800f29ae";"4d001b5a8006e917";5;"4c001b5a8008fb98";"Aprobare Contract 2024-02-06";08-2-2024 16:26:38;"usadmin";0;"java.lang.RuntimeException: Could not invoke the method 'createPath' from interface 'class com.planet.bt.modules.GenericOperations' from BOF module 'cf_bt_module'";0
"Create Contract Folder";06-2-2024 07:47:40;1;"4a001b5a800f29af";"4d001b5a8006e915";5;"4c001b5a8008fb98";"Aprobare Contract 2024-02-06";08-2-2024 16:26:38;"usadmin";0;"java.lang.RuntimeException: Could not invoke the method 'createPath' from interface 'class com.planet.bt.modules.GenericOperations' from BOF module 'cf_bt_module'";0
"Create Contract Folder";06-2-2024 02:36:31;1;"4a001b5a800f29b1";"4d001b5a8006e914";5;"4c001b5a8008fb98";"Aprobare Contract 2024-02-06";08-2-2024 16:26:38;"usadmin";0;"java.lang.RuntimeException: Could not invoke the method 'createPath' from interface 'class com.planet.bt.modules.GenericOperations' from BOF module 'cf_bt_module'";0
"Create Contract Folder";02-2-2024 14:23:14;1;"4a001b5a800f29b2";"4d001b5a8006dd0e";5;"4c001b5a8008fb98";"Aprobare Contract 2024-02-02";08-2-2024 16:26:38;"usadmin";0;"java.lang.RuntimeException: Could not invoke the method 'createPath' from interface 'class com.planet.bt.modules.GenericOperations' from BOF module 'cf_bt_module'";0
"Create Contract Folder";02-2-2024 14:23:13;1;"4a001b5a800f29b0";"4d001b5a8006dd0d";5;"4c001b5a8008fb98";"Aprobare Contract 2024-02-02";08-2-2024 16:26:38;"usadmin";0;"java.lang.RuntimeException: Could not invoke the method 'createPath' from interface 'class com.planet.bt.modules.GenericOperations' from BOF module 'cf_bt_module'";0
"Create Contract Folder";02-2-2024 14:23:13;1;"4a001b5a800f29b4";"4d001b5a8006dd0c";5;"4c001b5a8008fb98";"Aprobare Contract 2024-02-02";08-2-2024 16:26:39;"usadmin";0;"java.lang.RuntimeException: Could not invoke the method 'createPath' from interface 'class com.planet.bt.modules.GenericOperations' from BOF module 'cf_bt_module'";0
"Create Contract Folder";02-2-2024 14:23:13;1;"4a001b5a800f29b3";"4d001b5a8006dd0b";5;"4c001b5a8008fb98";"Aprobare Contract 2024-02-02";08-2-2024 16:26:39;"usadmin";0;"java.lang.RuntimeException: Could not invoke the method 'createPath' from interface 'class com.planet.bt.modules.GenericOperations' from BOF module 'cf_bt_module'";0
"Create Contract Folder";02-2-2024 13:47:29;1;"4a001b5a800f29b5";"4d001b5a8006dd0a";5;"4c001b5a8008fb98";"Aprobare Contract 2024-02-02";08-2-2024 16:26:39;"usadmin";0;"java.lang.RuntimeException: Could not invoke the method 'createPath' from interface 'class com.planet.bt.modules.GenericOperations' from BOF module 'cf_bt_module'";0
"Create Contract Folder";02-2-2024 10:52:39;1;"4a001b5a800f29c1";"4d001b5a8006d914";5;"4c001b5a8008fb98";"Aprobare Contract 2024-02-02";08-2-2024 16:27:09;"usadmin";0;"java.lang.RuntimeException: Could not invoke the method 'createPath' from interface 'class com.planet.bt.modules.GenericOperations' from BOF module 'cf_bt_module'";0
"Create Contract Folder";01-2-2024 17:48:43;1;"4a001b5a800f29c4";"4d001b5a8006c9a8";5;"4c001b5a8008fb98";"Aprobare Contract 2024-02-01";08-2-2024 16:27:09;"usadmin";0;"java.lang.RuntimeException: Could not invoke the method 'createPath' from interface 'class com.planet.bt.modules.GenericOperations' from BOF module 'cf_bt_module'";0
"Create Contract Folder";01-2-2024 17:48:43;1;"4a001b5a800f29c5";"4d001b5a8006c9a7";5;"4c001b5a8008fb98";"Aprobare Contract 2024-02-01";08-2-2024 16:27:09;"usadmin";0;"java.lang.RuntimeException: Could not invoke the method 'createPath' from interface 'class com.planet.bt.modules.GenericOperations' from BOF module 'cf_bt_module'";0
"Create Contract Folder";01-2-2024 13:01:29;1;"4a001b5a800f29c7";"4d001b5a8006c9a6";5;"4c001b5a8008fb98";"Aprobare Contract 2024-02-01";08-2-2024 16:27:10;"usadmin";0;"java.lang.RuntimeException: Could not invoke the method 'createPath' from interface 'class com.planet.bt.modules.GenericOperations' from BOF module 'cf_bt_module'";0
"Create Contract Folder";01-2-2024 13:01:28;1;"4a001b5a800f29c8";"4d001b5a8006c9a5";5;"4c001b5a8008fb98";"Aprobare Contract 2024-02-01";08-2-2024 16:27:10;"usadmin";0;"java.lang.RuntimeException: Could not invoke the method 'createPath' from interface 'class com.planet.bt.modules.GenericOperations' from BOF module 'cf_bt_module'";0
"Create Contract Folder";04-1-2024 10:41:20;1;"4a001b5a800ed757";"4d001b5a8006aa8c";5;"4c001b5a8008fb98";"Aprobare Contract 2024-01-04";04-1-2024 10:41:21;"usadmin";0;"java.lang.RuntimeException: Could not invoke the method 'createPath' from interface 'class com.planet.bt.modules.GenericOperations' from BOF module 'cf_bt_module'";0
"Create Contract Folder";04-1-2024 10:17:43;1;"4a001b5a800ed755";"4d001b5a8006aa8b";5;"4c001b5a8008fb98";"Aprobare Contract 2024-01-04";04-1-2024 10:17:44;"usadmin";0;"java.lang.RuntimeException: Could not invoke the method 'createPath' from interface 'class com.planet.bt.modules.GenericOperations' from BOF module 'cf_bt_module'";0
"Create Contract Folder";04-1-2024 10:09:01;1;"4a001b5a800ed753";"4d001b5a8006aa8a";5;"4c001b5a8008fb98";"Aprobare Contract 2024-01-04";04-1-2024 10:09:02;"usadmin";0;"java.lang.RuntimeException: Could not invoke the method 'createPath' from interface 'class com.planet.bt.modules.GenericOperations' from BOF module 'cf_bt_module'";0
"Create Contract Folder";04-1-2024 09:58:41;1;"4a001b5a800ed751";"4d001b5a8006aa89";5;"4c001b5a8008fb98";"Aprobare Contract 2024-01-04";04-1-2024 09:58:42;"usadmin";0;"java.lang.RuntimeException: Could not invoke the method 'createPath' from interface 'class com.planet.bt.modules.GenericOperations' from BOF module 'cf_bt_module'";0
"Create Contract Folder";04-1-2024 09:36:17;1;"4a001b5a800ed74f";"4d001b5a8006aa88";5;"4c001b5a8008fb98";"Aprobare Contract 2024-01-04";04-1-2024 09:36:18;"usadmin";0;"java.lang.RuntimeException: Could not invoke the method 'createPath' from interface 'class com.planet.bt.modules.GenericOperations' from BOF module 'cf_bt_module'";0
"Create Contract Folder";04-1-2024 08:28:24;1;"4a001b5a800ed74d";"4d001b5a8006aa87";5;"4c001b5a8008fb98";"Aprobare Contract 2024-01-04";04-1-2024 08:28:25;"usadmin";0;"java.lang.RuntimeException: Could not invoke the method 'createPath' from interface 'class com.planet.bt.modules.GenericOperations' from BOF module 'cf_bt_module'";0
"Create Contract Folder";03-1-2024 16:48:46;1;"4a001b5a800ed74b";"4d001b5a8006aa86";5;"4c001b5a8008fb98";"Aprobare Contract 2024-01-03";03-1-2024 16:48:47;"usadmin";0;"java.lang.RuntimeException: Could not invoke the method 'createPath' from interface 'class com.planet.bt.modules.GenericOperations' from BOF module 'cf_bt_module'";0
"Create Contract Folder";03-1-2024 13:00:01;1;"4a001b5a800ed73a";"4d001b5a8006aa85";5;"4c001b5a8008fb98";"Aprobare Contract 2024-01-03";03-1-2024 13:00:02;"usadmin";0;"java.lang.RuntimeException: Could not invoke the method 'createPath' from interface 'class com.planet.bt.modules.GenericOperations' from BOF module 'cf_bt_module'";0
"Create Contract Folder";03-1-2024 12:46:18;1;"4a001b5a800ed738";"4d001b5a8006aa84";5;"4c001b5a8008fb98";"Aprobare Contract 2024-01-03";03-1-2024 12:46:19;"usadmin";0;"java.lang.RuntimeException: Could not invoke the method 'createPath' from interface 'class com.planet.bt.modules.GenericOperations' from BOF module 'cf_bt_module'";0
"Create Contract Folder";03-1-2024 11:43:01;1;"4a001b5a800ed736";"4d001b5a8006aa83";5;"4c001b5a8008fb98";"Aprobare Contract 2024-01-03";03-1-2024 11:43:02;"usadmin";0;"java.lang.RuntimeException: Could not invoke the method 'createPath' from interface 'class com.planet.bt.modules.GenericOperations' from BOF module 'cf_bt_module'";0
"Create Contract Folder";03-1-2024 11:27:08;1;"4a001b5a800ed734";"4d001b5a8006aa82";5;"4c001b5a8008fb98";"Aprobare Contract 2024-01-03";03-1-2024 11:27:09;"usadmin";0;"java.lang.RuntimeException: Could not invoke the method 'createPath' from interface 'class com.planet.bt.modules.GenericOperations' from BOF module 'cf_bt_module'";0
"Create Contract Folder";03-1-2024 11:14:07;1;"4a001b5a800ed732";"4d001b5a8006aa81";5;"4c001b5a8008fb98";"Aprobare Contract 2024-01-03";03-1-2024 11:14:08;"usadmin";0;"java.lang.RuntimeException: Could not invoke the method 'createPath' from interface 'class com.planet.bt.modules.GenericOperations' from BOF module 'cf_bt_module'";0
"Retrieve Siebel Info";20-12-2023 17:25:41;4;"4a001b5a800ee601";"4d001b5a8006aa7d";5;"4c001b5a80005120";"Aprobare Contract 2023-12-20";12-1-2024 18:50:35;"usadmin";0;"DfException:: THREAD: default task-96; MSG: Could not invoke child process <urn:im:com.emc.ide.artifact.process:Artifacts/Processes/set_contract_info_from_siebel.process>; ERRORCODE: ff; NEXT: null";0
"Create Contract Folder";19-12-2023 15:48:18;1;"4a001b5a800ed726";"4d001b5a8006aa17";5;"4c001b5a8008fb98";"Aprobare Contract 2023-12-19";19-12-2023 15:48:34;"usadmin";0;"java.lang.RuntimeException: Could not invoke the method 'createPath' from interface 'class com.planet.bt.modules.GenericOperations' from BOF module 'cf_bt_module'";0
"Create Contract Folder";22-11-2023 12:43:43;1;"4a001b5a800ec5cf";"4d001b5a8006a39f";5;"4c001b5a8008fb98";"Aprobare Contract 2023-11-22";22-11-2023 12:43:44;"usadmin";0;"java.lang.RuntimeException: Could not invoke the method 'createPath' from interface 'class com.planet.bt.modules.GenericOperations' from BOF module 'cf_bt_module'";0
"Reject Dossier Contracts to Siebel";16-11-2023 09:18:37;31;"4a001b5a800e9bc2";"4d001b5a8006914f";5;"4c001b5a8007203c";"Aprobare Contract 2023-11-16";16-11-2023 11:11:45;"usadmin";0;"java.lang.RuntimeException: Could not invoke the method 'rejectSimilarContractsToSiebel' from interface 'class com.planet.bt.modules.fast.FastOperations' from BOF module 'im_fastoperations'";0
"Reject to Siebel";15-11-2023 17:34:04;29;"4a001b5a800e9bc7";"4d001b5a8006913c";5;"4c001b5a80004fff";"Aprobare Contract 2023-11-15";16-11-2023 11:12:09;"usadmin";0;"DfException:: THREAD: default task-111; MSG: Could not invoke child process <urn:im:com.emc.ide.artifact.process:Artifacts/Processes/fast_update_status_cerere_contract.process>; ERRORCODE: ff; NEXT: null";0
"Reject to Siebel";15-11-2023 14:02:32;31;"4a001b5a800e9ec2";"4d001b5a80069101";5;"4c001b5a80004fff";"Aprobare Contract 2023-11-15";16-11-2023 13:35:32;"usadmin";0;"DfException:: THREAD: default task-108; MSG: Could not invoke child process <urn:im:com.emc.ide.artifact.process:Artifacts/Processes/fast_update_status_cerere_contract.process>; ERRORCODE: ff; NEXT: null";0
"Reject to Siebel";31-10-2023 13:59:37;32;"4a001b5a800ec543";"4d001b5a80067106";5;"4c001b5a80004fff";"Aprobare Contract 2023-10-31";21-11-2023 17:52:28;"usadmin";0;"DfException:: THREAD: default task-96; MSG: Could not invoke child process <urn:im:com.emc.ide.artifact.process:Artifacts/Processes/fast_update_status_cerere_contract.process>; ERRORCODE: ff; NEXT: null";0
"Reject to Siebel";31-10-2023 13:59:37;32;"4a001b5a800ec548";"4d001b5a80067105";5;"4c001b5a80004fff";"Aprobare Contract 2023-10-31";21-11-2023 17:52:54;"usadmin";0;"DfException:: THREAD: default task-109; MSG: Could not invoke child process <urn:im:com.emc.ide.artifact.process:Artifacts/Processes/fast_update_status_cerere_contract.process>; ERRORCODE: ff; NEXT: null";0
"Reject to Siebel";31-10-2023 13:59:36;32;"4a001b5a800ec53e";"4d001b5a80067104";5;"4c001b5a80004fff";"Aprobare Contract 2023-10-31";21-11-2023 17:51:05;"usadmin";0;"DfException:: THREAD: default task-111; MSG: Could not invoke child process <urn:im:com.emc.ide.artifact.process:Artifacts/Processes/fast_update_status_cerere_contract.process>; ERRORCODE: ff; NEXT: null";0
"Create Contract Folder";10-10-2023 12:16:06;1;"4a001b5a800e43f7";"4d001b5a80065d53";5;"4c001b5a8008fb98";"Aprobare Contract 2023-10-10";10-10-2023 12:16:07;"usadmin";0;"java.lang.RuntimeException: Could not invoke the method 'createPath' from interface 'class com.planet.bt.modules.GenericOperations' from BOF module 'cf_bt_module'";0
"Create Contract Folder";06-10-2023 15:17:42;1;"4a001b5a800e42d3";"4d001b5a80065d27";5;"4c001b5a8008fb98";"Aprobare Contract 2023-10-06";06-10-2023 15:17:43;"usadmin";0;"java.lang.RuntimeException: Could not invoke the method 'createPath' from interface 'class com.planet.bt.modules.GenericOperations' from BOF module 'cf_bt_module'";0
"Create Contract Folder";14-9-2023 17:37:40;1;"4a001b5a800e26dc";"4d001b5a800648c7";5;"4c001b5a8008fb98";"Aprobare Contract 2023-09-14";14-9-2023 17:37:40;"usadmin";0;"java.lang.RuntimeException: Could not invoke the method 'createPath' from interface 'class com.planet.bt.modules.GenericOperations' from BOF module 'cf_bt_module'";0
"Create Contract Folder";14-9-2023 17:37:39;1;"4a001b5a800e26db";"4d001b5a800648c6";5;"4c001b5a8008fb98";"Aprobare Contract 2023-09-14";14-9-2023 17:37:40;"usadmin";0;"java.lang.RuntimeException: Could not invoke the method 'createPath' from interface 'class com.planet.bt.modules.GenericOperations' from BOF module 'cf_bt_module'";0
"Create Contract Folder";14-9-2023 14:43:54;1;"4a001b5a800e2445";"4d001b5a800648c1";5;"4c001b5a8008fb98";"Aprobare Contract 2023-09-14";14-9-2023 14:43:55;"usadmin";0;"java.lang.RuntimeException: Could not invoke the method 'createPath' from interface 'class com.planet.bt.modules.GenericOperations' from BOF module 'cf_bt_module'";0
"Create Contract Folder";14-9-2023 14:43:54;1;"4a001b5a800e2446";"4d001b5a800648c2";5;"4c001b5a8008fb98";"Aprobare Contract 2023-09-14";14-9-2023 14:43:55;"usadmin";0;"java.lang.RuntimeException: Could not invoke the method 'createPath' from interface 'class com.planet.bt.modules.GenericOperations' from BOF module 'cf_bt_module'";0
"Create Contract Folder";12-9-2023 14:37:36;1;"4a001b5a800e1feb";"4d001b5a80064808";5;"4c001b5a8008fb98";"Aprobare Contract 2023-09-12";12-9-2023 14:37:37;"usadmin";0;"java.lang.RuntimeException: Could not invoke the method 'createPath' from interface 'class com.planet.bt.modules.GenericOperations' from BOF module 'cf_bt_module'";0
"Get Los Information";19-7-2023 11:14:23;0;"4a001b5a800dc640";"4d001b5a8006211f";5;"4c001b5a8088ef6e";"APIA Automation - 76e2ea77-bfb0-42e1-ad93-58b13e419265";19-7-2023 11:14:23;"usadmin";0;"DfException:: THREAD: default task-7; MSG: Could not invoke child process <urn:im:com.emc.ide.artifact.process:Artifacts/Processes/apia_get_los_info.process>; ERRORCODE: ff; NEXT: null";0
"Get Los Information";17-7-2023 14:52:30;0;"4a001b5a800dc626";"4d001b5a8006211e";5;"4c001b5a8088ef6e";"APIA Automation - 7de36606-f6f8-4ffe-bfcb-a3549164dea4";17-7-2023 14:52:50;"usadmin";0;"DfException:: THREAD: default task-4; MSG: Could not invoke child process <urn:im:com.emc.ide.artifact.process:Artifacts/Processes/apia_get_los_info.process>; ERRORCODE: ff; NEXT: null";0
"Create Guarant";22-6-2023 12:45:08;9;"4a001b5a800d9d26";"4d001b5a80060114";5;"4c001b5a808616c4";"APIA Automation - 8fa2f3fd-a25c-46f7-81b5-a2e6f3524428";22-6-2023 12:46:58;"usadmin";0;"DfException:: THREAD: default task-4; MSG: Could not invoke child process <urn:im:com.emc.ide.artifact.process:Artifacts/Processes/apia_create_garant.process>; ERRORCODE: ff; NEXT: null";0
"Reject Dossier Contracts to Siebel";21-6-2023 13:38:23;36;"4a001b5a80103bcc";"4d001b5a8005fd83";5;"4c001b5a8007203c";"Aprobare Contract 2023-06-21";25-6-2024 16:44:45;"usadmin";0;"java.lang.RuntimeException: Could not invoke the method 'rejectSimilarContractsToSiebel' from interface 'class com.planet.bt.modules.fast.FastOperations' from BOF module 'im_fastoperations'";0
"Reject to Siebel";21-6-2023 13:38:22;29;"4a001b5a800d9d16";"4d001b5a8005fd82";5;"4c001b5a80004fff";"Aprobare Contract 2023-06-21";22-6-2023 12:20:13;"usadmin";0;"DfException:: THREAD: default task-106; MSG: Could not invoke child process <urn:im:com.emc.ide.artifact.process:Artifacts/Processes/fast_update_status_cerere_contract.process>; ERRORCODE: ff; NEXT: null";0
"Create Guarant";13-6-2023 17:01:02;9;"4a001b5a800d95ff";"4d001b5a8005fd1f";5;"4c001b5a808616c4";"APIA Automation - 68fce931-6dab-41fa-8ae5-c2e16d8bedbc";13-6-2023 17:02:48;"usadmin";0;"DfException:: THREAD: default task-148; MSG: Could not invoke child process <urn:im:com.emc.ide.artifact.process:Artifacts/Processes/apia_create_garant.process>; ERRORCODE: ff; NEXT: null";0
"Create Guarant";12-6-2023 09:38:35;9;"4a001b5a800d9553";"4d001b5a8005fd1e";5;"4c001b5a808616c4";"APIA Automation - 02a34ec3-1af8-4b9c-8e48-41082a071a34";12-6-2023 09:40:41;"usadmin";0;"DfException:: THREAD: default task-161; MSG: Could not invoke child process <urn:im:com.emc.ide.artifact.process:Artifacts/Processes/apia_create_garant.process>; ERRORCODE: ff; NEXT: null";0
"Create Guarant";22-5-2023 17:51:57;9;"4a001b5a800d8116";"4d001b5a8005e916";5;"4c001b5a808616c4";"APIA Automation - 55d6e33a-07f7-41c5-96d3-719414da4bfa";22-5-2023 17:54:01;"usadmin";0;"DfException:: THREAD: default task-163; MSG: Could not invoke child process <urn:im:com.emc.ide.artifact.process:Artifacts/Processes/apia_create_garant.process>; ERRORCODE: ff; NEXT: null";0
"Create Guarant";22-5-2023 15:14:39;9;"4a001b5a800d7e64";"4d001b5a8005e915";5;"4c001b5a808616c4";"APIA Automation - c9cb1895-b503-4aca-a25b-a9c6faf2aca0";22-5-2023 15:16:11;"usadmin";0;"DfException:: THREAD: default task-162; MSG: Could not invoke child process <urn:im:com.emc.ide.artifact.process:Artifacts/Processes/apia_create_garant.process>; ERRORCODE: ff; NEXT: null";0
"Create Guarant";22-5-2023 12:20:30;9;"4a001b5a800d7df9";"4d001b5a8005e914";5;"4c001b5a808616c4";"APIA Automation - 27239d71-061f-44e1-b8ea-04ef6ebb5bbf";22-5-2023 12:22:29;"usadmin";0;"DfException:: THREAD: default task-164; MSG: Could not invoke child process <urn:im:com.emc.ide.artifact.process:Artifacts/Processes/apia_create_garant.process>; ERRORCODE: ff; NEXT: null";0
"Claseaza CC FAST";09-3-2023 14:02:40;29;"4a001b5a800ce962";"4d001b5a8005aa1a";5;"4c001b5a80032960";"Aprobare Contract 2023-03-09";14-3-2023 16:10:25;"usadmin";0;"DfException:: THREAD: default task-103; MSG: Could not invoke child process <urn:im:com.emc.ide.artifact.process:Artifacts/Processes/fast_update_status_cerere_contract.process>; ERRORCODE: ff; NEXT: null";0
"Abort Subworkflows";03-3-2023 15:41:53;15;"4a001b5a800ca62a";"4d001b5a80059c68";5;"4c001b5a80584190";"Prepare Signers List -4131946";03-3-2023 15:43:49;"usadmin";0;"[DM_API_E_EXIST]error:  ""Document/object specified by 4a001b5a800ca62a does not exist.""";0
"GetNotify Los";21-2-2023 16:55:18;1;"4a001b5a800c4346";"4d001b5a800573d9";5;"4c001b5a80861595";"Nofity Los 23d1a0de-505a-4e3b-9028-62e5d6e5dc35";21-2-2023 16:55:19;"usadmin";0;"java.lang.RuntimeException: Could not invoke the method 'notifyLos' from interface 'class com.pgi.bt.services.LosService' from BOF module 'im_losserviceapi'";0
"GetNotify Los";21-2-2023 16:55:18;1;"4a001b5a800c434b";"4d001b5a800573e4";5;"4c001b5a80861595";"Nofity Los 365603ae-291e-419d-ba07-6f4f642cabea";21-2-2023 16:55:19;"usadmin";0;"java.lang.RuntimeException: Could not invoke the method 'notifyLos' from interface 'class com.pgi.bt.services.LosService' from BOF module 'im_losserviceapi'";0
"GetNotify Los";21-2-2023 16:55:17;1;"4a001b5a800c4343";"4d001b5a800573d8";5;"4c001b5a80861595";"Nofity Los 5de136d3-ba36-417d-852d-44840df1b7dd";21-2-2023 16:55:18;"usadmin";0;"java.lang.RuntimeException: Could not invoke the method 'notifyLos' from interface 'class com.pgi.bt.services.LosService' from BOF module 'im_losserviceapi'";0
"GetNotify Los";21-2-2023 16:55:17;1;"4a001b5a800c4340";"4d001b5a800573d6";5;"4c001b5a80861595";"Nofity Los db8dacdd-b5f3-477b-a31f-73096d83d91d";21-2-2023 16:55:17;"usadmin";0;"java.lang.RuntimeException: Could not invoke the method 'notifyLos' from interface 'class com.pgi.bt.services.LosService' from BOF module 'im_losserviceapi'";0
"GetNotify Los";21-2-2023 16:55:17;1;"4a001b5a800c4341";"4d001b5a800573d7";5;"4c001b5a80861595";"Nofity Los d5e36694-d30d-4159-a42f-127a99499aa1";21-2-2023 16:55:18;"usadmin";0;"java.lang.RuntimeException: Could not invoke the method 'notifyLos' from interface 'class com.pgi.bt.services.LosService' from BOF module 'im_losserviceapi'";0
"GetNotify Los";21-2-2023 16:55:16;1;"4a001b5a800c433f";"4d001b5a800573d5";5;"4c001b5a80861595";"Nofity Los 872ca64b-a238-41aa-ab5f-ee10aaed1379";21-2-2023 16:55:17;"usadmin";0;"java.lang.RuntimeException: Could not invoke the method 'notifyLos' from interface 'class com.pgi.bt.services.LosService' from BOF module 'im_losserviceapi'";0
"Get Auth Token";21-2-2023 14:11:23;0;"4a001b5a800c4095";"4d001b5a80057365";5;"4c001b5a80861584";"Nofity Los 9e817101-7331-4f20-abf3-11ea2eefd45e";21-2-2023 14:11:23;"usadmin";0;"java.lang.RuntimeException: Could not invoke the method 'getAuthenticationToken' from interface 'class com.pgi.bt.services.LosService' from BOF module 'im_losserviceapi'";0
"Get Signed Documents";07-2-2023 09:56:25;3;"4a001b5a800bd64b";"4d001b5a80053890";5;"4c001b5a80861594";"Read Signed Documents - 39de6e14-e668-42ea-bed8-ab9ffb691a63";07-2-2023 09:56:27;"usadmin";0;"java.lang.RuntimeException: Could not invoke the method 'getSignedDocumentsList' from interface 'class com.pgi.bt.services.LosService' from BOF module 'im_losserviceapi'";0
"Get Signed Documents";06-2-2023 10:26:31;3;"4a001b5a800bcbc4";"4d001b5a80053732";5;"4c001b5a80861594";"Read Signed Documents - c246b1e3-7592-4394-81d2-e4dfe986dc71";06-2-2023 10:26:37;"usadmin";0;"java.lang.RuntimeException: Could not invoke the method 'getSignedDocumentsList' from interface 'class com.pgi.bt.services.LosService' from BOF module 'xcp_OutOfTheBoxFunctions'";0
"Get Signed Documents";06-2-2023 10:25:47;3;"4a001b5a800bcb54";"4d001b5a80053731";5;"4c001b5a80861594";"Read Signed Documents - c7579d66-92b6-4a57-b2d0-2234bcaff63a";06-2-2023 10:25:56;"usadmin";0;"java.lang.RuntimeException: Could not invoke the method 'getSignedDocumentsList' from interface 'class com.pgi.bt.services.LosService' from BOF module 'im_losserviceapi'";0
"GetNotify Los";03-2-2023 12:29:33;1;"4a001b5a800bb757";"4d001b5a80053537";5;"4c001b5a80861595";"Nofity Los 445caa79-ff56-45e9-8ee9-907bd7b721ab";03-2-2023 12:29:33;"usadmin";0;"java.lang.RuntimeException: Could not invoke the method 'notifyLos' from interface 'class com.pgi.bt.services.LosService' from BOF module 'im_losserviceapi'";0
"Get Signed Documents";03-2-2023 09:55:50;3;"4a001b5a800bb0ab";"4d001b5a800532b1";5;"4c001b5a80861594";"Read Signed Documents - 2be1b398-44c7-4c4c-87b2-9638cbf68e8a";03-2-2023 09:55:54;"usadmin";0;"java.lang.RuntimeException: Could not invoke the method 'getSignedDocumentsList' from interface 'class com.pgi.bt.services.LosService' from BOF module 'im_losserviceapi'";0
"Get Signed Documents";02-2-2023 17:12:26;3;"4a001b5a800bade3";"4d001b5a800532af";5;"4c001b5a80861594";"Read Signed Documents - 0a726a68-0a95-4f78-8da6-afeb7a40fd15";02-2-2023 17:12:28;"usadmin";0;"java.lang.RuntimeException: Could not invoke the method 'getSignedDocumentsList' from interface 'class com.pgi.bt.services.LosService' from BOF module 'im_losserviceapi'";0
"Get Signed Documents";02-2-2023 17:05:45;3;"4a001b5a800baddc";"4d001b5a800532ae";5;"4c001b5a80861594";"Read Signed Documents - 4d94bc25-42e8-4427-bd0d-0a93565206f3";02-2-2023 17:05:47;"usadmin";0;"java.lang.RuntimeException: Could not invoke the method 'getSignedDocumentsList' from interface 'class com.pgi.bt.services.LosService' from BOF module 'im_losserviceapi'";0
"Get Signed Documents";02-2-2023 09:41:08;3;"4a001b5a800ba59d";"4d001b5a8005317d";5;"4c001b5a80861594";"Read Signed Documents - b970a354-50dc-420b-8431-c2dd12d7f34c";02-2-2023 09:41:13;"usadmin";0;"java.lang.RuntimeException: Could not invoke the method 'getSignedDocumentsList' from interface 'class com.pgi.bt.services.LosService' from BOF module 'im_losserviceapi'";0
"GetNotify Los";31-1-2023 12:46:54;1;"4a001b5a800b9952";"4d001b5a80052d11";5;"4c001b5a80861595";"Nofity Los d16676a0-d749-44ed-8fbc-deb502fe25d6";31-1-2023 12:46:55;"usadmin";0;"java.lang.RuntimeException: Could not invoke the method 'notifyLos' from interface 'class com.pgi.bt.services.LosService' from BOF module 'im_losserviceapi'";0
"GetNotify Los";31-1-2023 09:58:05;1;"4a001b5a800b939c";"4d001b5a80052968";5;"4c001b5a80861595";"Nofity Los 709add17-6695-40af-8a1f-4d2afefb321d";31-1-2023 09:58:06;"usadmin";0;"java.lang.RuntimeException: Could not invoke the method 'notifyLos' from interface 'class com.pgi.bt.services.LosService' from BOF module 'im_losserviceapi'";0
"GetNotify Los";31-1-2023 09:58:05;1;"4a001b5a800b939d";"4d001b5a80052969";5;"4c001b5a80861595";"Nofity Los 8232c38b-b2cc-4e49-95e4-7d02ada98995";31-1-2023 09:58:06;"usadmin";0;"java.lang.RuntimeException: Could not invoke the method 'notifyLos' from interface 'class com.pgi.bt.services.LosService' from BOF module 'im_losserviceapi'";0
"GetNotify Los";31-1-2023 09:57:50;1;"4a001b5a800b9392";"4d001b5a80052967";5;"4c001b5a80861595";"Nofity Los 2b73651d-8f06-46d6-b03f-f9e009509d79";31-1-2023 09:57:50;"usadmin";0;"java.lang.RuntimeException: Could not invoke the method 'notifyLos' from interface 'class com.pgi.bt.services.LosService' from BOF module 'im_losserviceapi'";0
"GetNotify Los";31-1-2023 09:57:49;1;"4a001b5a800b938e";"4d001b5a80052966";5;"4c001b5a80861595";"Nofity Los 29f1e58f-19ca-4379-b9f6-b31052fb1f46";31-1-2023 09:57:49;"usadmin";0;"java.lang.RuntimeException: Could not invoke the method 'notifyLos' from interface 'class com.pgi.bt.services.LosService' from BOF module 'im_losserviceapi'";0
"GetNotify Los";31-1-2023 09:57:33;1;"4a001b5a800b9377";"4d001b5a80052961";5;"4c001b5a80861595";"Nofity Los dbe525a7-ec3e-4033-b355-cbe3c235d32d";31-1-2023 09:57:34;"usadmin";0;"java.lang.RuntimeException: Could not invoke the method 'notifyLos' from interface 'class com.pgi.bt.services.LosService' from BOF module 'im_losserviceapi'";0
"GetNotify Los";31-1-2023 09:57:27;1;"4a001b5a800b9360";"4d001b5a8005295e";5;"4c001b5a80861595";"Nofity Los 4e614c97-a6f0-460f-8c3a-de49d31ac28c";31-1-2023 09:57:28;"usadmin";0;"java.lang.RuntimeException: Could not invoke the method 'notifyLos' from interface 'class com.pgi.bt.services.LosService' from BOF module 'im_losserviceapi'";0
"GetNotify Los";31-1-2023 09:57:19;1;"4a001b5a800b932c";"4d001b5a8005295c";5;"4c001b5a80861595";"Nofity Los cabf27ee-da28-45ed-b19f-52d272176822";31-1-2023 09:57:20;"usadmin";0;"java.lang.RuntimeException: Could not invoke the method 'notifyLos' from interface 'class com.pgi.bt.services.LosService' from BOF module 'im_losserviceapi'";0
"GetNotify Los";31-1-2023 09:57:16;1;"4a001b5a800b9328";"4d001b5a8005295b";5;"4c001b5a80861595";"Nofity Los fdfaf282-ddb9-42f8-832a-8c3ad9025a08";31-1-2023 09:57:19;"usadmin";0;"java.lang.RuntimeException: Could not invoke the method 'notifyLos' from interface 'class com.pgi.bt.services.LosService' from BOF module 'im_losserviceapi'";0
"Get LOS Contract Details";13-1-2023 16:03:33;1;"4a001b5a800b52b3";"4d001b5a80050315";5;"4c001b5a8083b97e";"Get LOS Infio - cde418fe-72ca-48c8-8375-7a29ce6f3679";13-1-2023 16:03:33;"usadmin";0;"java.lang.RuntimeException: Could not invoke the method 'getInformationForContractCreation' from interface 'class com.pgi.bt.services.LosService' from BOF module 'im_losserviceapi'";0
"Reject Dossier Contracts to Siebel";10-1-2023 14:32:12;27;"4a001b5a800bf979";"4d001b5a8004f5e6";5;"4c001b5a8007203c";"Aprobare Contract 2023-01-10";10-2-2023 09:36:26;"usadmin";0;"java.lang.RuntimeException: Could not invoke the method 'rejectSimilarContractsToSiebel' from interface 'class com.planet.bt.modules.fast.FastOperations' from BOF module 'im_fastoperations'";0
"Generate PDF-1";18-11-2022 08:45:17;14;"4a001b5a80106f35";"4d001b5a8004aea0";5;"4c001b5a800ce9ff";"Negociere Clauze - 4107399";02-8-2024 16:49:33;"usadmin";1;"";0
